{"cameraMode":{"drawMode":0,"name":"Shaded","section":"Shading Mode"},"sceneLighting":true,"audioPlay":false,"sceneViewState":{"showFog":true,"showMaterialUpdate":false,"showSkybox":true,"showFlares":true,"showImageEffects":true,"showParticleSystems":true},"in2DMode":false,"pivot":{"x":-18.33246421813965,"y":0.8260136842727661,"z":-94.37928771972656},"rotation":{"x":-0.21869195997714997,"y":-0.05354282259941101,"z":0.012020573019981385,"w":-0.974261462688446},"size":3.4307761192321779,"orthographic":false}